Country,Flags
1. Finland,https://www.countryflags.com/wp-content/uploads/finland-flag-png-large.png
2. Sweden,https://www.countryflags.com/wp-content/uploads/sweden-flag-png-large.png
3. Denmark,https://www.countryflags.com/wp-content/uploads/denmark-flag-png-large.png
4. Germany,https://cdn.countryflags.com/thumbs/germany/flag-800.png
5. Belgium,https://www.countryflags.com/wp-content/uploads/flag-jpg-xl-18-1536x1331.jpg
6. Austria,https://cdn.countryflags.com/thumbs/austria/flag-800.png
7. Norway,https://www.countryflags.com/wp-content/uploads/norway-flag-png-large.png
8. France,https://www.countryflags.com/flag-of-france/
9. Slovenia,https://www.countryflags.com/wp-content/uploads/slovenia-flag-png-large.png
10. Estonia,https://cdn.countryflags.com/thumbs/estonia/flag-800.png
11. netherlands,https://www.countryflags.com/wp-content/uploads/netherlands-flag-png-large.png
12. Czech republic,https://cdn.countryflags.com/thumbs/czech-republic/flag-800.png
13. Ireland,https://www.countryflags.com/wp-content/uploads/ireland-flag-png-large.png
14. Croatia,https://cdn.countryflags.com/thumbs/croatia/flag-800.png
15. Poland,https://www.countryflags.com/wp-content/uploads/poland-flag-png-large.png
16. Switzerland,https://cdn.countryflags.com/thumbs/switzerland/flag-800.png
17. United Kingdom,https://cdn.countryflags.com/thumbs/united-kingdom/flag-800.png
18. Japan,https://www.countryflags.com/wp-content/uploads/japan-flag-png-large.png
19. Slovak Republic,https://cdn.countryflags.com/thumbs/slovakia/flag-800.png
20. Spain,https://cdn.countryflags.com/thumbs/spain/flag-800.png
21. Canada,https://www.countryflags.com/wp-content/uploads/canada-flag-png-large.png
22. Latvia,https://cdn.countryflags.com/thumbs/latvia/flag-800.png
23. New Zealand,https://www.countryflags.com/wp-content/uploads/new-zealand-flag-png-large.png
24. Belarus,https://cdn.countryflags.com/thumbs/belarus/flag-800.png
25. Hungary,https://www.countryflags.com/wp-content/uploads/hungary-flag-png-large.png
26. Italy,https://www.countryflags.com/wp-content/uploads/italy-flag-png-large.png
27. Portugal,https://cdn.countryflags.com/thumbs/portugal/flag-800.png
"28. Korea, Rep (South)",https://www.countryflags.com/wp-content/uploads/south-korea-flag-png-large.png
29. Iceland,https://cdn.countryflags.com/thumbs/iceland/flag-800.png
30. chile,https://www.countryflags.com/wp-content/uploads/chile-flag-png-large.png
31. Lithuania,https://www.countryflags.com/wp-content/uploads/lithuania-flag-png-large.png
32. United States,https://www.countryflags.com/wp-content/uploads/united-states-of-america-flag-png-large.png
33. Malta,https://www.countryflags.com/wp-content/uploads/malta-flag-png-large.png
34. Serbia,https://cdn.countryflags.com/thumbs/serbia/flag-800.png
35. Australia,https://www.countryflags.com/wp-content/uploads/flag-jpg-xl-9-1536x768.jpg
36. Ukraine,https://cdn.countryflags.com/thumbs/ukraine/flag-800.png
37. Greece,https://www.countryflags.com/wp-content/uploads/greece-flag-png-large.png
38. Israel,https://cdn.countryflags.com/thumbs/israel/flag-800.png
39. Romania,https://cdn.countryflags.com/thumbs/romania/flag-800.png
40. Cyprus,https://www.countryflags.com/wp-content/uploads/cyprus-flag-png-large.png
41. Uruguay,https://www.countryflags.com/wp-content/uploads/uruguay-flag-png-large.png
42. Luxembourg,https://cdn.countryflags.com/thumbs/luxembourg/flag-800.png
43. Thailand,https://www.countryflags.com/wp-content/uploads/thailand-flag-png-large.png
44. Kyrgyz Republic,https://cdn.countryflags.com/thumbs/kyrgyzstan/flag-800.png
45. Bulgaria,https://www.countryflags.com/wp-content/uploads/bulgaria-flag-png-large.png
46. Russian Fedaration,https://www.countryflags.com/wp-content/uploads/russia-flag-png-large.png
47. Bosnia and herzegovnia,https://cdn.countryflags.com/thumbs/bosnia-and-herzegovina/flag-800.png
48. Moldova,https://www.countryflags.com/wp-content/uploads/moldova-flag-png-large.png
49. Cuba,https://cdn.countryflags.com/thumbs/cuba/flag-800.png
50. Costa Rica,https://www.countryflags.com/wp-content/uploads/costa-rica-flag-png-large.png
51. Vietnam,https://cdn.countryflags.com/thumbs/vietnam/flag-800.png
52. Argentina,https://www.countryflags.com/wp-content/uploads/flag-jpg-xl-7-1536x963.jpg
53. Ecuador,https://www.countryflags.com/wp-content/uploads/ecuador-flag-png-large.png
54. North Macedonia,https://cdn.countryflags.com/thumbs/north-macedonia/flag-800.png
55. Azerbaijan,https://cdn.countryflags.com/thumbs/azerbaijan/flag-800.png
56. Georgia,https://www.countryflags.com/wp-content/uploads/georgia-flag-jpg-xl.jpg
57. China,https://cdn.countryflags.com/thumbs/china/flag-800.png
58. Armenia,https://www.countryflags.com/wp-content/uploads/flag-jpg-xl-8-1536x768.jpg
59. Kazakhstan,https://cdn.countryflags.com/thumbs/kazakhstan/flag-800.png
60. Tunisia,https://www.countryflags.com/wp-content/uploads/tunisia-flag-png-large.png
61. Brazil,https://cdn.countryflags.com/thumbs/brazil/flag-800.png
62. Fiji,https://cdn.countryflags.com/thumbs/fiji/flag-800.png
63. Peru,https://cdn.countryflags.com/thumbs/peru/flag-800.png
64. Albania,https://www.countryflags.com/wp-content/uploads/albania-albanian-flag-png-square-large.png
65. Malaysia,https://cdn.countryflags.com/thumbs/malaysia/flag-800.png
66. Algeria,https://cdn.countryflags.com/thumbs/algeria/flag-800.png
67. Dominican Republic,https://www.countryflags.com/wp-content/uploads/dominican-republic-flag-png-large.png
68. Colombia,https://www.countryflags.com/wp-content/uploads/colombia-flag-png-large.png
69. Morocco,https://www.countryflags.com/wp-content/uploads/morocco-flag-png-large.png
70. Turkey,https://cdn.countryflags.com/thumbs/turkey/flag-800.png
71. United Arab Emirates,https://www.countryflags.com/wp-content/uploads/united-arab-emirates-flag-png-large.png
72. Jordan,https://cdn.countryflags.com/thumbs/jordan/flag-800.png
73. Oman,https://www.countryflags.com/wp-content/uploads/oman-flag-png-large.png
"74. Iran, Islamic Rep",https://cdn.countryflags.com/thumbs/iran/flag-800.png
75. Bhutan,https://cdn.countryflags.com/thumbs/bhutan/flag-800.png
76. Singapore,https://www.countryflags.com/wp-content/uploads/singapore-flag-png-large.png
77. Uzbekistan,https://cdn.countryflags.com/thumbs/uzbekistan/flag-800.png
78. Tajikistan,https://www.countryflags.com/wp-content/uploads/tajikistan-flag-png-large.png
79. Maldives,https://cdn.countryflags.com/thumbs/maldives/flag-800.png
80. Mexico,https://www.countryflags.com/wp-content/uploads/mexico-flag-png-large.png
81. Jamaica,https://www.countryflags.com/wp-content/uploads/jamaica-flag-png-large.png
"82. Egypt, Arab Rep",https://cdn.countryflags.com/thumbs/egypt/flag-800.png
83. Barbados,https://cdn.countryflags.com/thumbs/barbados/flag-800.png
84. Brunei Darussalam,https://cdn.countryflags.com/thumbs/brunei/flag-800.png
85. Montenegro,https://www.countryflags.com/wp-content/uploads/montenegro-flag-png-large.png
86. Cape Verde,https://www.countryflags.com/wp-content/uploads/cape-verde-flag-png-large.png
87. Sri lanka,https://www.countryflags.com/wp-content/uploads/sri-lanka-flag-png-large.png
88. Panama,https://www.countryflags.com/wp-content/uploads/panama-flag-png-large.png
89. El Salvador,https://www.countryflags.com/wp-content/uploads/el-salvador-flag-png-large.png
90. Bolivia,https://cdn.countryflags.com/thumbs/bolivia/flag-800.png
91. Suriname,https://www.countryflags.com/wp-content/uploads/suriname-flag-png-large.png
92. Paraguay,https://cdn.countryflags.com/thumbs/paraguay/flag-800.png
93. Lebanon,https://www.countryflags.com/wp-content/uploads/lebanon-flag-png-large.png
94. Qatar,https://cdn.countryflags.com/thumbs/qatar/flag-800.png
95. Mauritius,https://cdn.countryflags.com/thumbs/mauritius/flag-800.png
96. Nepal,https://cdn.countryflags.com/thumbs/nepal/flag-800.png
97. Indonesia,https://cdn.countryflags.com/thumbs/indonesia/flag-800.png
98. Saudi Arabia,https://www.countryflags.com/wp-content/uploads/saudi-arabia-flag-png-large.png
99. Nicaragua,https://cdn.countryflags.com/thumbs/nicaragua/flag-800.png
100. Bahrain,https://www.countryflags.com/wp-content/uploads/flag-jpg-xl-13-1536x922.jpg
101. Myanmar,https://cdn.countryflags.com/thumbs/myanmar/flag-800.png
102. Cambodia,https://www.countryflags.com/wp-content/uploads/cambodia-flag-png-large.png
103. Philippines,https://cdn.countryflags.com/thumbs/philippines/flag-800.png
104. Belize,https://cdn.countryflags.com/thumbs/belize/flag-800.png
105. Iraq,https://www.countryflags.com/wp-content/uploads/iraq-flag-png-large.png
106. Mongolla,https://cdn.countryflags.com/thumbs/mongolia/flag-800.png
107. South Africa,https://www.countryflags.com/wp-content/uploads/south-africa-flag-png-large.png
108. Trinidad and Tobago,https://www.countryflags.com/wp-content/uploads/trinidad-and-tobago-flag-png-large.png
109. Bangladesh,https://cdn.countryflags.com/thumbs/bangladesh/flag-800.png
110. Lao PDR (Laos),https://www.countryflags.com/wp-content/uploads/laos-flag-png-large.png
111. Gabon,https://cdn.countryflags.com/thumbs/gabon/flag-800.png
112. Honduras,https://www.countryflags.com/wp-content/uploads/honduras-flag-png-large.png
113. Kuwait,https://cdn.countryflags.com/thumbs/kuwait/flag-800.png
114. Ghana,https://www.countryflags.com/wp-content/uploads/ghana-flag-png-large.png
115. Botswana,https://cdn.countryflags.com/thumbs/botswana/flag-800.png
116. Namibia,https://www.countryflags.com/wp-content/uploads/namibia-flag-png-large.png
117. Turkmenistan,https://cdn.countryflags.com/thumbs/turkmenistan/flag-800.png
118. Kenya,https://www.countryflags.com/wp-content/uploads/kenya-flag-png-large.png
119. Vanuatu,https://cdn.countryflags.com/thumbs/vanuatu/flag-800.png
120. India,https://www.countryflags.com/wp-content/uploads/india-flag-png-large.png
121. Guatemala,https://cdn.countryflags.com/thumbs/guatemala/flag-800.png
"122. Venezuela, RB",https://www.countryflags.com/wp-content/uploads/venezuela-flag-png-large.png
123. Gambia. The,https://cdn.countryflags.com/thumbs/gambia/flag-800.png
124. Sao Tome and Principe,https://www.countryflags.com/wp-content/uploads/sao-tome-and-principe-flag-png-large.png
125. Zimbabwe,https://www.countryflags.com/wp-content/uploads/zimbabwe-flag-png-large.png
126. Senegal,https://www.countryflags.com/wp-content/uploads/senegal-flag-png-large.png
127. Syrian Arab Republic,https://cdn.countryflags.com/thumbs/syria/flag-800.png
128. Guyana,https://cdn.countryflags.com/thumbs/guyana/flag-800.png
129. Pakistan,https://www.countryflags.com/wp-content/uploads/pakistan-flag-png-large.png
130. Rwanda,https://cdn.countryflags.com/thumbs/rwanda/flag-800.png
131. Cote d'lvoire,https://www.countryflags.com/wp-content/uploads/cote-d-ivoire-flag-png-large.png
132. Tanzania,https://cdn.countryflags.com/thumbs/tanzania/flag-800.png
133. Mauritania,https://cdn.countryflags.com/thumbs/mauritania/flag-800.png
134. Cameroon,https://www.countryflags.com/wp-content/uploads/cameroon-flag-png-large.png
135. Lesotho,https://www.countryflags.com/wp-content/uploads/lesotho-flag-png-large.png
136. Ethiopia,https://cdn.countryflags.com/thumbs/ethiopia/flag-800.png
137. Afghanistan,https://cdn.countryflags.com/thumbs/afghanistan/flag-800.png
138. Djibouti,https://www.countryflags.com/wp-content/uploads/djibouti-flag-png-large.png
139. Burkina Faso,https://cdn.countryflags.com/thumbs/burkina-faso/flag-800.png
140. Uganda,https://cdn.countryflags.com/thumbs/uganda/flag-800.png
141. Zambia,https://cdn.countryflags.com/thumbs/zambia/flag-800.png
142. Eswatini,https://upload.wikimedia.org/wikipedia/commons/f/fb/Flag_of_Eswatini.svg
143. Togo,https://www.countryflags.com/wp-content/uploads/togo-flag-png-large.png
"144. Congo, Rep.",https://cdn.countryflags.com/thumbs/congo-republic-of-the/flag-800.png
"145. Yemen, Rep.",https://cdn.countryflags.com/thumbs/yemen/flag-800.png
146. Mali,https://www.countryflags.com/wp-content/uploads/mali-flag-png-large.png
147. Burundi,https://cdn.countryflags.com/thumbs/burundi/flag-800.png
148. Sierra Leone,https://www.countryflags.com/wp-content/uploads/sierra-leone-flag-png-large.png
149. Malawi,https://cdn.countryflags.com/thumbs/malawi/flag-800.png
150. Haiti,https://www.countryflags.com/wp-content/uploads/haiti-flag-png-large.png
151. Papua New Guinea,https://cdn.countryflags.com/thumbs/papua-new-guinea/flag-800.png
152. Mozambique,https://www.countryflags.com/wp-content/uploads/mozambique-flag-png-large.png
153. Guinea,https://www.countryflags.com/wp-content/uploads/guinea-flag-png-xl.png
154. Angola,https://cdn.countryflags.com/thumbs/angola/flag-800.png
155. Benin,https://www.countryflags.com/wp-content/uploads/flag-jpg-xl-20-1536x1024.jpg
156. Niger,https://www.countryflags.com/wp-content/uploads/niger-flag-png-large.png
157. Sudan,https://www.countryflags.com/wp-content/uploads/sudan-flag-png-large.png
"158. Congo, Dem, Rep.",https://www.countryflags.com/wp-content/uploads/congo-democratic-republic-of-the-flag-png-large.png
159. Madagascar,https://www.countryflags.com/wp-content/uploads/madagascar-flag-png-large.png
160. Nigeria,https://cdn.countryflags.com/thumbs/nigeria/flag-800.png
161. Liberia,https://www.countryflags.com/wp-content/uploads/liberia-flag-png-large.png
162. Somalia,https://www.countryflags.com/wp-content/uploads/somalia-flag-png-large.png
163. Chad,https://www.countryflags.com/wp-content/uploads/chad-flag-png-large.png
164. South Sudan,https://cdn.countryflags.com/thumbs/south-sudan/flag-800.png
165. Central African Republic,https://www.countryflags.com/wp-content/uploads/central-african-republic-flag-png-large.png